,id_name,is_potentially_hazardous_asteroid,estimated_diameter.meters.estimated_diameter_min,estimated_diameter.meters.estimated_diameter_max,close_approach_date,epoch_date_close_approach,orbiting_body,relative_velocity.kilometers_per_second,relative_velocity.kilometers_per_hour,orbit_class_description,id,name,proportion_of_max_diameter_to_earth
0,2154652-154652 (2004 EP20),0,483.6764882185,1081.533506775,1995-01-07,1995-01-07 08:33:00,Earth,16.1428635186,968.5718111157482,Near Earth asteroid orbits similar to that of 2062 Aten,2154652,154652 (2004 EP20),8.487941506631611e-05
1,3153509-(2003 HM),1,96.5061469579,215.7943048444,1995-01-07,1995-01-07 15:09:00,Earth,12.3510438151,741.0626289058267,Near Earth asteroid orbits which cross the Earth’s orbit similar to that of 1862 Apollo,3153509,(2003 HM),1.69356698198399e-05
2,3516633-(2010 HA),0,44.1118199997,98.6370281305,1995-01-07,1995-01-07 02:47:00,Earth,6.2204353548,,Near Earth asteroid orbits similar to that of 2062 Aten,3516633,(2010 HA),7.741094657863757e-06
3,3837644-(2019 AY3),0,46.1907460282,103.2856480504,1995-01-07,1995-01-07 21:25:00,Earth,22.4786152837,1348.71691702236,Near Earth asteroid orbits similar to that of 2062 Aten,3837644,(2019 AY3),8.105921209417674e-06
4,3843493-(2019 PY),0,22.1082810359,49.435619262,1995-01-07,1995-01-07 02:45:00,Earth,4.9986912098,299.9214725884633,Near Earth asteroid orbits similar to that of 1221 Amor,3843493,(2019 PY),3.8797378168262445e-06
5,3765015-(2016 WR48),0,160.1603379786,358.1294030194,1995-01-08,1995-01-08 12:46:00,Earth,7.4650893561,447.90536136358,An asteroid orbit contained entirely within the orbit of the Eart,3765015,(2016 WR48),2.810621590169518e-05
6,3824107-(2018 JB3),0,802.7031672829,1794.8988477988,1995-01-08,1995-01-08 10:54:00,Earth,32.1607528615,1929.6451716906668,Near Earth asteroid orbits which cross the Earth’s orbit similar to that of 1862 Apollo,3824107,(2018 JB3),0.00014086476595501492
7,2446862-446862 (2001 VB76),1,231.5021222103,517.6544821978,1995-01-08,1995-01-08 09:13:00,Earth,7.5907111593,455.4426695597,Near Earth asteroid orbits similar to that of 1221 Amor,2446862,446862 (2001 VB76),4.062584226948674e-05
8,3623683-(2013 AG53),0,27.8326768072,62.2357573367,1995-01-05,1995-01-05 06:02:00,Earth,5.4474225417,326.8453525036017,Near Earth asteroid orbits similar to that of 1221 Amor,3623683,(2013 AG53),4.884300528700361e-06
9,3645123-(2013 NX23),0,483.6764882185,1081.533506775,1995-01-05,1995-01-05 22:31:00,Earth,21.6051988007,1296.3119280394317,Near Earth asteroid orbits similar to that of 1221 Amor,3645123,(2013 NX23),8.487941506631611e-05
10,2416151-416151 (2002 RQ25),0,192.5550781879,430.566244241,1995-01-05,1995-01-05 03:28:00,Earth,7.6363343327,458.1800599591383,Near Earth asteroid orbits similar to that of 1221 Amor,2416151,416151 (2002 RQ25),3.379110377028724e-05
11,3550117-(2010 VB),0,20.1629919443,45.0858206172,1995-01-05,1995-01-05 14:32:00,Earth,7.7759841602,466.55904961095,Near Earth asteroid orbits which cross the Earth’s orbit similar to that of 1862 Apollo,3550117,(2010 VB),3.5383629428033276e-06
12,3471692-(2009 UP1),0,291.4439045349,651.6883821679,1995-01-06,1995-01-06 14:26:00,Earth,13.7631523886,825.7891433156817,Near Earth asteroid orbits which cross the Earth’s orbit similar to that of 1862 Apollo,3471692,(2009 UP1),5.114490520859363e-05
13,3713272-(2015 EF7),0,35.0392641108,78.3501764334,1995-01-06,1995-01-06 04:51:00,Earth,6.6616654938,399.6999296252683,Near Earth asteroid orbits which cross the Earth’s orbit similar to that of 1862 Apollo,3713272,(2015 EF7),6.148970054418458e-06
14,2137062-137062 (1998 WM),0,1272.1987853936,2844.7229650327,1995-01-06,1995-01-06 04:47:00,Earth,9.6048767738,576.2926064266517,Near Earth asteroid orbits similar to that of 1221 Amor,2137062,137062 (1998 WM),0.00022325560861973786
15,3893486-(2019 WN2),0,8.4053340207,18.7948982439,1995-01-06,1995-01-06 00:41:00,Earth,7.0205499158,421.2329949489133,Near Earth asteroid orbits similar to that of 2062 Aten,3893486,(2019 WN2),1.4750351784570712e-06
16,3766463-(2017 AY13),1,133.2155666981,297.8790627982,1995-01-03,1995-01-03 01:31:00,Earth,14.2350916869,854.1055012117317,Near Earth asteroid orbits which cross the Earth’s orbit similar to that of 1862 Apollo,3766463,(2017 AY13),2.337773212982263e-05
17,3342323-(2006 SF6),1,278.3267680719,622.3575733667,1995-01-03,1995-01-03 08:00:00,Earth,5.2486366908,314.9182014465233,Near Earth asteroid orbits which cross the Earth’s orbit similar to that of 1862 Apollo,3342323,(2006 SF6),4.884300528698006e-05
18,2002102-2102 Tantalus (1975 YA),1,1677.0846216284,3750.0752179805,1995-01-03,1995-01-03 21:53:00,Earth,32.4056287596,,Near Earth asteroid orbits which cross the Earth’s orbit similar to that of 1862 Apollo,2002102,2102 Tantalus (1975 YA),0.00029430821048347984
19,2452807-452807 (2006 KV89),1,146.0679642714,326.6178974458,1995-01-03,1995-01-03 03:33:00,Earth,5.2019174692,312.1150481535633,Near Earth asteroid orbits which cross the Earth’s orbit similar to that of 1862 Apollo,2452807,452807 (2006 KV89),2.563317355562706e-05
20,2481394-481394 (2006 SF6),1,278.3267680719,622.3575733667,1995-01-03,1995-01-03 18:17:00,Earth,5.2487147466,314.9228847984867,Near Earth asteroid orbits which cross the Earth’s orbit similar to that of 1862 Apollo,2481394,481394 (2006 SF6),4.884300528698006e-05
21,2308041-308041 (2004 TN),0,441.1181999969,986.3702813054,1995-01-04,1995-01-04 18:33:00,Earth,15.4530476495,927.1828589722568,Near Earth asteroid orbits similar to that of 2062 Aten,2308041,308041 (2004 TN),7.741094657866897e-05
22,3359282-(2006 WN3),0,291.4439045349,651.6883821679,1995-01-04,1995-01-04 01:52:00,Earth,14.2722708044,856.3362482642883,Near Earth asteroid orbits similar to that of 2062 Aten,3359282,(2006 WN3),5.114490520859363e-05
23,3485631-(2010 AF40),0,26.58,59.4346868419,1995-01-04,1995-01-04 04:37:00,Earth,25.3475444872,1520.8526692321982,Near Earth asteroid orbits similar to that of 2062 Aten,3485631,(2010 AF40),4.664470792803328e-06
24,3825569-(2018 NF1),0,31.9561886721,71.4562101727,1995-01-04,1995-01-04 15:44:00,Earth,9.81018732,588.6112391985849,Near Earth asteroid orbits similar to that of 2062 Aten,3825569,(2018 NF1),5.6079273405038455e-06
25,2002101-2101 Adonis (1936 CA),1,461.9074602816,1032.8564805039,1995-01-04,1995-01-04 02:50:00,Earth,15.4327926846,,An asteroid orbit contained entirely within the orbit of the Eart,2002101,2101 Adonis (1936 CA),8.105921209416889e-05
26,2138947-138947 (2001 BA40),0,506.4714588346,1132.5046106177,1995-01-04,1995-01-04 12:16:00,Earth,10.1550915818,609.3054949088033,Near Earth asteroid orbits which cross the Earth’s orbit similar to that of 1862 Apollo,2138947,138947 (2001 BA40),8.887965865780098e-05
27,3716433-(2015 HA1),0,152.9519353442,342.0109247198,1995-01-04,1995-01-04 13:13:00,Earth,17.398716775,1043.9230065029583,Near Earth asteroid orbits similar to that of 2062 Aten,3716433,(2015 HA1),2.6841227807235914e-05
28,3766036-(2016 XR23),0,22.1082810359,49.435619262,1995-01-04,1995-01-04 19:00:00,Earth,19.5043542583,1170.2612555007,Near Earth asteroid orbits similar to that of 2062 Aten,3766036,(2016 XR23),3.8797378168262445e-06
29,3843734-(2019 RA),0,21.113244479,47.2106498806,1995-01-04,1995-01-04 00:17:00,Earth,5.4829884789,328.979308732325,Near Earth asteroid orbits which cross the Earth’s orbit similar to that of 1862 Apollo,3843734,(2019 RA),3.7051208507769583e-06
30,3703080-(2014 YW34),1,121.4940407996,271.6689340891,1995-01-01,1995-01-01 10:08:00,Earth,6.1687778278,,Near Earth asteroid orbits which cross the Earth’s orbit similar to that of 1862 Apollo,3703080,(2014 YW34),2.1320745101954168e-05
31,3792437-(2017 XR61),0,63.7609789875,142.5738833281,1995-01-01,1995-01-01 14:03:00,Earth,16.5213860889,991.2831653322668,An asteroid orbit contained entirely within the orbit of the Eart,3792437,(2017 XR61),1.1189286087592216e-05
32,3723955-(2015 NK3),0,146.0679642714,326.6178974458,1995-01-01,1995-01-01 03:25:00,Earth,18.1139850263,1086.8391015806817,An asteroid orbit contained entirely within the orbit of the Eart,3723955,(2015 NK3),2.563317355562706e-05
33,3553279-(2010 XB24),1,116.0259082094,259.4418179074,1995-01-02,1995-01-02 15:12:00,Earth,14.9782587738,898.6955264293683,Near Earth asteroid orbits similar to that of 1221 Amor,3553279,(2010 XB24),2.0361153500816198e-05
34,3825428-(2018 MA5),0,14.6067964271,32.6617897446,1995-01-02,1995-01-02 03:28:00,Earth,6.4021620104,384.1297206252983,Near Earth asteroid orbits similar to that of 1221 Amor,3825428,(2018 MA5),2.5633173555642756e-06
35,3639467-(2013 LC1),0,44.1118199997,98.6370281305,1995-01-02,1995-01-02 19:37:00,Earth,11.5802363188,694.8141791253717,An asteroid orbit contained entirely within the orbit of the Eart,3639467,(2013 LC1),7.741094657863757e-06
36,3703059-(2014 YE15),0,5.8150703965,13.0028927004,1995-01-02,1995-01-02 13:00:00,Earth,15.1128684067,906.7721044031168,Near Earth asteroid orbits similar to that of 2062 Aten,3703059,(2014 YE15),1.0204750196515461e-06
37,3943319-(2019 YS),0,1.332155667,2.978790628,1995-01-02,1995-01-02 22:41:00,Earth,2.9755350607,178.53210364259,Near Earth asteroid orbits which cross the Earth’s orbit similar to that of 1862 Apollo,3943319,(2019 YS),2.33777321299639e-07
38,54016806-(2020 HT7),0,11.2345317672,25.1211767268,1995-01-02,1995-01-02 03:54:00,Earth,7.1500141326,429.000847955355,Near Earth asteroid orbits similar to that of 1221 Amor,54016806,(2020 HT7),1.9715254062784495e-06
39,3842683-(2019 LO),0,8.0270316728,17.948988478,1995-01-09,1995-01-09 04:53:00,Earth,7.6152812259,456.91687355569,Near Earth asteroid orbits which cross the Earth’s orbit similar to that of 1862 Apollo,3842683,(2019 LO),1.408647659551091e-06
40,3366282-(2007 BD),0,22.1082810359,49.435619262,1995-01-09,1995-01-09 12:02:00,Earth,23.3997220939,1403.98332563241,An asteroid orbit contained entirely within the orbit of the Eart,3366282,(2007 BD),3.8797378168262445e-06
41,3544935-(2010 PW58),1,121.4940407996,271.6689340891,1995-01-09,1995-01-09 16:34:00,Earth,11.1607357991,669.6441479459817,Near Earth asteroid orbits which cross the Earth’s orbit similar to that of 1862 Apollo,3544935,(2010 PW58),2.1320745101954168e-05
42,3797669-(2018 AW11),0,17.561231848,39.2681081809,1995-01-09,1995-01-09 16:02:00,Earth,5.7808744202,346.8524652127817,An asteroid orbit contained entirely within the orbit of the Eart,3797669,(2018 AW11),3.0817852912337154e-06
43,3735599-(2015 WA13),0,16.0160337979,35.8129403019,1995-01-09,1995-01-09 18:00:00,Earth,8.1492924834,488.957549006845,Near Earth asteroid orbits similar to that of 1221 Amor,3735599,(2015 WA13),2.810621590166379e-06
44,3102756-(2002 AO11),0,76.6575573531,171.4115092306,1995-01-14,1995-01-14 07:03:00,Earth,11.6500973732,699.00584239344,Near Earth asteroid orbits similar to that of 1221 Amor,3102756,(2002 AO11),1.3452480711866268e-05
45,2434632-434632 (2005 WE),0,291.4439045349,651.6883821679,1995-01-14,1995-01-14 01:16:00,Earth,10.1296631155,607.7797869310867,Near Earth asteroid orbits similar to that of 2062 Aten,2434632,434632 (2005 WE),5.114490520859363e-05
46,3457846-(2009 HG21),0,26.58,59.4346868419,1995-01-14,1995-01-14 11:51:00,Earth,13.7000461198,822.0027671875134,Near Earth asteroid orbits similar to that of 1221 Amor,3457846,(2009 HG21),4.664470792803328e-06
47,2495323-495323 (2014 JG78),0,319.5618867213,714.5621017269,1995-01-15,1995-01-15 23:36:00,Earth,10.8088500572,648.53100343293,An asteroid orbit contained entirely within the orbit of the Eart,2495323,495323 (2014 JG78),5.6079273405030606e-05
48,2510055-510055 (2010 FH81),1,127.2198785394,284.4722965033,1995-01-15,1995-01-15 02:53:00,Earth,9.8408312207,590.4498732412917,Near Earth asteroid orbits which cross the Earth’s orbit similar to that of 1862 Apollo,2510055,510055 (2010 FH81),2.2325560861976142e-05
49,3514799-(2010 FH81),1,127.2198785394,284.4722965033,1995-01-15,1995-01-15 08:00:00,Earth,9.8408316738,590.4499004287084,An asteroid orbit contained entirely within the orbit of the Eart,3514799,(2010 FH81),2.2325560861976142e-05
50,3671135-(2014 JG78),0,319.5618867213,714.5621017269,1995-01-15,1995-01-15 08:00:00,Earth,10.8088439585,648.5306375106667,Near Earth asteroid orbits similar to that of 2062 Aten,3671135,(2014 JG78),5.6079273405030606e-05
51,3092506-(2001 WJ4),0,8.801465209,19.6806745089,1995-01-15,1995-01-15 09:08:00,Earth,11.1738744976,670.4324698556334,Near Earth asteroid orbits which cross the Earth’s orbit similar to that of 1862 Apollo,3092506,(2001 WJ4),1.5445514447417989e-06
52,3761747-(2016 UO41),0,35.0392641108,78.3501764334,1995-01-15,1995-01-15 07:27:00,Earth,10.3790222165,622.7413329895801,Near Earth asteroid orbits similar to that of 2062 Aten,3761747,(2016 UO41),6.148970054418458e-06
53,3709080-(2015 BV510),0,211.1324447897,472.1064988055,1995-01-15,1995-01-15 15:16:00,Earth,32.1281627776,1927.6897666533,An asteroid orbit contained entirely within the orbit of the Eart,3709080,(2015 BV510),3.705120850773034e-05
54,3485806-(2010 AL60),0,88.0146520901,196.8067450894,1995-01-12,1995-01-12 07:05:00,Earth,11.6706583618,700.2395017056417,An asteroid orbit contained entirely within the orbit of the Eart,3485806,(2010 AL60),1.544551444744938e-05
55,3371143-(2007 EO88),0,13.9493822934,31.1917670523,1995-01-12,1995-01-12 15:03:00,Earth,9.8910525391,593.4631523480716,An asteroid orbit contained entirely within the orbit of the Eart,3371143,(2007 EO88),2.447949070185214e-06
56,2230111-230111 (2001 BE10),1,402.3045798343,899.5803881691,1995-01-12,1995-01-12 18:53:00,Earth,16.2693534256,976.1612055379017,Near Earth asteroid orbits which cross the Earth’s orbit similar to that of 1862 Apollo,2230111,230111 (2001 BE10),7.059962236455031e-05
57,2002062-2062 Aten (1976 AA),0,1010.5434154201,2259.643771094,1995-01-12,1995-01-12 01:44:00,Earth,10.3240519745,619.4431184708517,Near Earth asteroid orbits similar to that of 1221 Amor,2002062,2062 Aten (1976 AA),0.00017733823348720765
58,3515451-(2010 GV23),0,8.0270316728,17.948988478,1995-01-12,1995-01-12 10:54:00,Earth,6.4940324303,389.641945820735,Near Earth asteroid orbits which cross the Earth’s orbit similar to that of 1862 Apollo,3515451,(2010 GV23),1.408647659551091e-06
59,3678562-(2014 OE338),0,167.7084621628,375.0075217981,1995-01-12,1995-01-12 12:26:00,Earth,18.236464048,,Near Earth asteroid orbits which cross the Earth’s orbit similar to that of 1862 Apollo,3678562,(2014 OE338),2.9430821048351907e-05
60,3766324-(2017 AY3),0,201.6299194428,450.8582061718,1995-01-12,1995-01-12 06:02:00,Earth,15.7875149268,947.25089560644,Near Earth asteroid orbits similar to that of 2062 Aten,3766324,(2017 AY3),3.5383629428017583e-05
61,3837932-(2019 AY13),0,84.0533402073,187.9489824394,1995-01-12,1995-01-12 19:22:00,Earth,18.2560546111,1095.36327666843,Near Earth asteroid orbits which cross the Earth’s orbit similar to that of 1862 Apollo,3837932,(2019 AY13),1.4750351784602104e-05
62,3837973-(2019 BO1),0,319.5618867213,714.5621017269,1995-01-12,1995-01-12 10:13:00,Earth,12.4614908455,747.6894507276417,Near Earth asteroid orbits similar to that of 2062 Aten,3837973,(2019 BO1),5.6079273405030606e-05
63,2152964-152964 (2000 GP82),0,766.5755735311,1714.1150923063,1995-01-13,1995-01-13 12:45:00,Earth,10.7348065466,644.0883927942233,Near Earth asteroid orbits which cross the Earth’s orbit similar to that of 1862 Apollo,2152964,152964 (2000 GP82),0.00013452480711868625
64,3263533-(2004 XG29),0,23.150212221,51.7654482198,1995-01-13,1995-01-13 14:15:00,Earth,17.1620093391,1029.7205603434568,Near Earth asteroid orbits similar to that of 1221 Amor,3263533,(2004 XG29),4.062584226950243e-06
65,3736819-(2015 YE),0,55.5334911581,124.1766612574,1995-01-13,1995-01-13 15:10:00,Earth,18.7825458444,1126.9527506612285,An asteroid orbit contained entirely within the orbit of the Eart,3736819,(2015 YE),9.745460779893266e-06
66,3361551-(2006 WR127),0,231.5021222103,517.6544821978,1995-01-13,1995-01-13 15:29:00,Earth,21.5193423706,1291.16054223471,Near Earth asteroid orbits similar to that of 2062 Aten,3361551,(2006 WR127),4.062584226948674e-05
67,3704145-(2015 AB246),0,80.2703167283,179.4898847799,1995-01-13,1995-01-13 01:59:00,Earth,11.5094811181,690.5688670849133,Near Earth asteroid orbits similar to that of 2062 Aten,3704145,(2015 AB246),1.408647659550306e-05
68,3314052-(2006 BO55),0,211.1324447897,472.1064988055,1995-01-13,1995-01-13 10:42:00,Earth,12.6021862577,756.13117546482,An asteroid orbit contained entirely within the orbit of the Eart,3314052,(2006 BO55),3.705120850773034e-05
69,2526742-526742 (2006 WR127),0,231.5021222103,517.6544821978,1995-01-13,1995-01-13 15:29:00,Earth,21.5193382684,1291.1602961067183,Near Earth asteroid orbits similar to that of 2062 Aten,2526742,526742 (2006 WR127),4.062584226948674e-05
70,3117420-(2002 EY2),1,366.9061375314,820.4270648822,1995-01-10,1995-01-10 01:59:00,Earth,18.9235619734,1135.413718404228,Near Earth asteroid orbits which cross the Earth’s orbit similar to that of 1862 Apollo,3117420,(2002 EY2),6.438762085090253e-05
71,3620667-(2012 XP111),0,53.0340723319,118.5877908577,1995-01-10,1995-01-10 09:37:00,Earth,3.7998353604,227.99012162600667,Near Earth asteroid orbits which cross the Earth’s orbit similar to that of 1862 Apollo,3620667,(2012 XP111),9.306842792159787e-06
72,2163023-163023 (2001 XU1),0,366.9061375314,820.4270648822,1995-01-10,1995-01-10 09:00:00,Earth,15.8881862568,953.2911754062668,Near Earth asteroid orbits which cross the Earth’s orbit similar to that of 1862 Apollo,2163023,163023 (2001 XU1),6.438762085090253e-05
73,3366004-(2007 AA9),0,88.0146520901,196.8067450894,1995-01-10,1995-01-10 17:49:00,Earth,24.2888578981,1457.3314738878537,Near Earth asteroid orbits similar to that of 1221 Amor,3366004,(2007 AA9),1.544551444744938e-05
74,3429684-(2008 TZ),0,22.1082810359,49.435619262,1995-01-10,1995-01-10 18:20:00,Earth,14.7612903218,885.6774193069866,An asteroid orbit contained entirely within the orbit of the Eart,3429684,(2008 TZ),3.8797378168262445e-06
75,3666685-(2014 FO38),0,14.6067964271,32.6617897446,1995-01-10,1995-01-10 05:33:00,Earth,8.4579845348,,Near Earth asteroid orbits which cross the Earth’s orbit similar to that of 1862 Apollo,3666685,(2014 FO38),2.5633173555642756e-06
76,3693721-(2014 US7),0,12.7219878539,28.4472296503,1995-01-10,1995-01-10 07:39:00,Earth,6.5357580312,,Near Earth asteroid orbits which cross the Earth’s orbit similar to that of 1862 Apollo,3693721,(2014 US7),2.2325560861952595e-06
77,3556126-(2011 BM45),1,127.2198785394,284.4722965033,1995-01-10,1995-01-10 01:49:00,Earth,21.9477292873,1316.8637572404534,Near Earth asteroid orbits which cross the Earth’s orbit similar to that of 1862 Apollo,3556126,(2011 BM45),2.2325560861976142e-05
78,2526798-526798 (2007 AA9),0,88.0146520901,196.8067450894,1995-01-10,1995-01-10 17:49:00,Earth,24.2888578457,1457.3314707392767,An asteroid orbit contained entirely within the orbit of the Eart,2526798,526798 (2007 AA9),1.544551444744938e-05
79,2452376-452376 (2002 AC5),1,265.8,594.3468684194,1995-01-11,1995-01-11 21:36:00,Earth,19.1764208552,1150.5852513136915,An asteroid orbit contained entirely within the orbit of the Eart,2452376,452376 (2002 AC5),4.664470792806467e-05
80,3444551-(2009 BC11),0,92.1626548503,206.0819612321,1995-01-11,1995-01-11 22:51:00,Earth,24.9558613049,1497.3516782952784,Near Earth asteroid orbits which cross the Earth’s orbit similar to that of 1862 Apollo,3444551,(2009 BC11),1.6173439117257888e-05
81,3520662-(2010 JR34),0,7.6657557353,17.1411509231,1995-01-11,1995-01-11 02:22:00,Earth,10.9692520182,658.1551210927316,Near Earth asteroid orbits similar to that of 2062 Aten,3520662,(2010 JR34),1.3452480711897661e-06
82,3703538-(2015 AA44),0,44.1118199997,98.6370281305,1995-01-11,1995-01-11 17:29:00,Earth,22.4420465229,1346.5227913713966,Near Earth asteroid orbits which cross the Earth’s orbit similar to that of 1862 Apollo,3703538,(2015 AA44),7.741094657863757e-06
83,3740931-(2016 BA15),0,11.6025908209,25.9441817907,1995-01-11,1995-01-11 07:40:00,Earth,27.9092028908,1674.55217344521,Near Earth asteroid orbits similar to that of 1221 Amor,3740931,(2016 BA15),2.0361153500784804e-06
84,3643994-(2013 LV28),0,461.9074602816,1032.8564805039,1995-01-11,1995-01-11 20:09:00,Earth,25.5080689974,1530.48413984337,Near Earth asteroid orbits which cross the Earth’s orbit similar to that of 1862 Apollo,3643994,(2013 LV28),8.105921209416889e-05
85,2250680-250680 (2005 QC5),1,305.1792325939,682.4015094011,1995-01-11,1995-01-11 10:29:00,Earth,12.2268409668,733.6104580080533,An asteroid orbit contained entirely within the orbit of the Eart,2250680,250680 (2005 QC5),5.355529033127453e-05
86,3170204-(2003 YS17),1,127.2198785394,284.4722965033,1995-01-11,1995-01-11 04:16:00,Earth,7.7685401427,466.1124085622217,An asteroid orbit contained entirely within the orbit of the Eart,3170204,(2003 YS17),2.2325560861976142e-05
87,3401191-(2008 BP16),0,121.4940407996,271.6689340891,1995-01-11,1995-01-11 16:14:00,Earth,18.0991616726,1085.9497003558383,An asteroid orbit contained entirely within the orbit of the Eart,3401191,(2008 BP16),2.1320745101954168e-05
88,3740043-(2016 AG165),0,183.8886720703,411.1875710413,1995-01-11,1995-01-11 06:39:00,Earth,8.6060682262,,Near Earth asteroid orbits similar to that of 2062 Aten,3740043,(2016 AG165),3.227025357410924e-05
89,3655395-(2013 YM2),0,19.2555078188,43.0566244241,1995-01-11,1995-01-11 12:22:00,Earth,11.9321657219,715.9299433135317,An asteroid orbit contained entirely within the orbit of the Eart,3655395,(2013 YM2),3.379110377028724e-06
90,3771630-(2017 FP2),0,192.5550781879,430.566244241,1995-01-11,1995-01-11 20:11:00,Earth,16.3288487248,,Near Earth asteroid orbits which cross the Earth’s orbit similar to that of 1862 Apollo,3771630,(2017 FP2),3.379110377028724e-05
91,3893736-(2019 WD5),1,116.0259082094,259.4418179074,1995-01-11,1995-01-11 03:22:00,Earth,14.2571658357,855.4299501421984,Near Earth asteroid orbits similar to that of 1221 Amor,3893736,(2019 WD5),2.0361153500816198e-05
92,3837639-(2019 AT3),0,101.054341542,225.9643771094,1995-01-18,1995-01-18 08:12:00,Earth,28.5824222435,1714.94533460928,An asteroid orbit contained entirely within the orbit of the Eart,3837639,(2019 AT3),1.7733823348720767e-05
93,3753133-(2016 JU24),0,506.4714588346,1132.5046106177,1995-01-18,1995-01-18 14:42:00,Earth,16.4888463368,989.3307802081432,An asteroid orbit contained entirely within the orbit of the Eart,3753133,(2016 JU24),8.887965865780098e-05
94,3837525-(2018 YK2),0,73.2073989347,163.696720474,1995-01-18,1995-01-18 02:30:00,Earth,26.2464317638,1574.7859058282584,An asteroid orbit contained entirely within the orbit of the Eart,3837525,(2018 YK2),1.2847019343431171e-05
95,3797900-(2018 BJ5),0,127.2198785394,284.4722965033,1995-01-18,1995-01-18 05:14:00,Earth,11.9652284017,717.9137040995582,Near Earth asteroid orbits similar to that of 2062 Aten,3797900,(2018 BJ5),2.2325560861976142e-05
96,3704767-(2015 BE92),0,6.3760978988,14.2573883328,1995-01-18,1995-01-18 04:54:00,Earth,16.0531518159,963.1891089523916,Near Earth asteroid orbits similar to that of 1221 Amor,3704767,(2015 BE92),1.1189286087584367e-06
97,3797753-(2018 BV1),0,36.6906137531,82.0427064882,1995-01-18,1995-01-18 00:18:00,Earth,15.980210136,958.8126081570716,An asteroid orbit contained entirely within the orbit of the Eart,3797753,(2018 BV1),6.438762085088683e-06
98,3836878-(2018 XP3),0,69.9125232246,156.3291544087,1995-01-18,1995-01-18 09:17:00,Earth,8.8286222565,529.71733538928,An asteroid orbit contained entirely within the orbit of the Eart,3836878,(2018 XP3),1.2268808225451263e-05
99,3748182-(2016 FJ3),0,80.2703167283,179.4898847799,1995-01-18,1995-01-18 10:33:00,Earth,13.299028136,797.94168816174,An asteroid orbit contained entirely within the orbit of the Eart,3748182,(2016 FJ3),1.408647659550306e-05
100,2443103-443103 (2013 WT67),1,667.6594134952,1492.931834393,1995-01-19,1995-01-19 21:55:00,Earth,13.6305303871,817.8318232245667,Near Earth asteroid orbits which cross the Earth’s orbit similar to that of 1862 Apollo,2443103,443103 (2013 WT67),0.00011716620894624077
101,3283218-(2005 MF5),0,121.4940407996,271.6689340891,1995-01-19,1995-01-19 16:36:00,Earth,26.2349697378,1574.0981842662718,Near Earth asteroid orbits which cross the Earth’s orbit similar to that of 1862 Apollo,3283218,(2005 MF5),2.1320745101954168e-05
102,3625335-(2013 BC70),0,40.2304579834,89.9580388169,1995-01-16,1995-01-16 14:33:00,Earth,18.6159784305,1116.9587058277434,Near Earth asteroid orbits similar to that of 1221 Amor,3625335,(2013 BC70),7.059962236454246e-06
103,3749034-(2016 GN2),0,26.58,59.4346868419,1995-01-16,1995-01-16 03:28:00,Earth,13.3072235301,,Near Earth asteroid orbits similar to that of 2062 Aten,3749034,(2016 GN2),4.664470792803328e-06
104,2002340-2340 Hathor (1976 UA),1,242.4124811008,542.0507863358,1995-01-16,1995-01-16 06:35:00,Earth,15.9597865749,957.5871944956916,Near Earth asteroid orbits similar to that of 2062 Aten,2002340,2340 Hathor (1976 UA),4.254047922899074e-05
105,3767255-(2017 BO32),0,36.6906137531,82.0427064882,1995-01-16,1995-01-16 06:16:00,Earth,7.3611501507,,An asteroid orbit contained entirely within the orbit of the Eart,3767255,(2017 BO32),6.438762085088683e-06
106,54016993-(2020 JG1),0,16.8249962697,37.6218353801,1995-01-16,1995-01-16 21:06:00,Earth,9.1421510542,548.5290632520117,An asteroid orbit contained entirely within the orbit of the Eart,54016993,(2020 JG1),2.952584788894993e-06
107,3102762-(2002 AA29),0,40.2304579834,89.9580388169,1995-01-17,1995-01-17 02:46:00,Earth,12.9913363165,779.4801789915899,Near Earth asteroid orbits similar to that of 1221 Amor,3102762,(2002 AA29),7.059962236454246e-06
108,3956448-(2019 YP3),0,19.2555078188,43.0566244241,1995-01-17,1995-01-17 15:08:00,Earth,17.2344315811,1034.0658948641517,Near Earth asteroid orbits similar to that of 1221 Amor,3956448,(2019 YP3),3.379110377028724e-06
109,3042899-(1999 VX15),0,461.9074602816,1032.8564805039,1995-01-21,1995-01-21 14:57:00,Earth,5.9359623692,,An asteroid orbit contained entirely within the orbit of the Eart,3042899,(1999 VX15),8.105921209416889e-05
110,2373579-373579 (2002 AW11),0,483.6764882185,1081.533506775,1995-01-21,1995-01-21 07:55:00,Earth,14.0998903803,845.99342281929,Near Earth asteroid orbits similar to that of 1221 Amor,2373579,373579 (2002 AW11),8.487941506631611e-05
111,3843085-(2019 NG),0,36.6906137531,82.0427064882,1995-01-21,1995-01-21 02:21:00,Earth,7.532718152,451.9630891217533,Near Earth asteroid orbits similar to that of 1221 Amor,3843085,(2019 NG),6.438762085088683e-06
112,3788091-(2017 UR7),0,319.5618867213,714.5621017269,1995-01-22,1995-01-22 07:32:00,Earth,16.8844014801,1013.0640888079016,An asteroid orbit contained entirely within the orbit of the Eart,3788091,(2017 UR7),5.6079273405030606e-05
113,3794988-(2017 YZ1),1,221.0828103591,494.3561926196,1995-01-22,1995-01-22 05:14:00,Earth,11.6741465305,700.4487918325734,Near Earth asteroid orbits similar to that of 1221 Amor,3794988,(2017 YZ1),3.8797378168231045e-05
114,2153315-153315 (2001 NH6),0,319.5618867213,714.5621017269,1995-01-22,1995-01-22 15:17:00,Earth,24.4218373587,1465.31024152224,Near Earth asteroid orbits similar to that of 1221 Amor,2153315,153315 (2001 NH6),5.6079273405030606e-05
115,2162463-162463 (2000 JH5),0,766.5755735311,1714.1150923063,1995-01-22,1995-01-22 13:06:00,Earth,17.3737842613,1042.4270556760382,Near Earth asteroid orbits similar to that of 1221 Amor,2162463,162463 (2000 JH5),0.00013452480711868625
116,2306383-306383 (1993 VD),1,133.2155666981,297.8790627982,1995-01-22,1995-01-22 01:26:00,Earth,12.8996466693,,Near Earth asteroid orbits similar to that of 1221 Amor,2306383,306383 (1993 VD),2.337773212982263e-05
117,3444370-(2009 BH2),0,88.0146520901,196.8067450894,1995-01-22,1995-01-22 12:17:00,Earth,22.3739049599,1342.4342975956863,Near Earth asteroid orbits similar to that of 2062 Aten,3444370,(2009 BH2),1.544551444744938e-05
118,3448992-(2009 DD45),0,18.388867207,41.1187571041,1995-01-22,1995-01-22 06:33:00,Earth,17.2746114639,1036.47668783391,Near Earth asteroid orbits similar to that of 2062 Aten,3448992,(2009 DD45),3.22702535740857e-06
119,3611400-(2012 UC),0,26.58,59.4346868419,1995-01-22,1995-01-22 14:04:00,Earth,12.1185099373,727.1105962369317,An asteroid orbit contained entirely within the orbit of the Eart,3611400,(2012 UC),4.664470792803328e-06
120,3264189-(2004 YD),0,42.1264610556,94.1976305719,1995-01-20,1995-01-20 09:54:00,Earth,10.4078371003,624.47022602088,An asteroid orbit contained entirely within the orbit of the Eart,3264189,(2004 YD),7.39268800595668e-06
121,3740496-(2016 AG193),0,53.0340723319,118.5877908577,1995-01-20,1995-01-20 12:48:00,Earth,15.259069392,915.5441635199816,Near Earth asteroid orbits similar to that of 1221 Amor,3740496,(2016 AG193),9.306842792159787e-06
122,3702918-(2014 YC9),0,44.1118199997,98.6370281305,1995-01-20,1995-01-20 12:44:00,Earth,7.5241225943,451.4473556575433,Near Earth asteroid orbits which cross the Earth’s orbit similar to that of 1862 Apollo,3702918,(2014 YC9),7.741094657863757e-06
123,3092134-(1995 BK2),0,80.2703167283,179.4898847799,1995-01-29,1995-01-29 04:02:00,Earth,14.8737367384,892.4242043046183,Near Earth asteroid orbits similar to that of 2062 Aten,3092134,(1995 BK2),1.408647659550306e-05
124,2103067-103067 (1999 XA143),1,1160.2590820944,2594.4181790745,1995-01-29,1995-01-29 11:20:00,Earth,26.152266264,1569.1359758389085,Near Earth asteroid orbits similar to that of 1221 Amor,2103067,103067 (1999 XA143),0.00020361153500820123
125,3802063-(2018 FV3),0,21.113244479,47.2106498806,1995-01-29,1995-01-29 19:16:00,Earth,4.7052001796,282.31201077389164,Near Earth asteroid orbits similar to that of 2062 Aten,3802063,(2018 FV3),3.7051208507769583e-06
126,3798989-(2018 CA),0,53.0340723319,118.5877908577,1995-01-29,1995-01-29 17:05:00,Earth,10.0074485586,,Near Earth asteroid orbits similar to that of 1221 Amor,3798989,(2018 CA),9.306842792159787e-06
127,3769817-(2017 DU34),0,11.6025908209,25.9441817907,1995-01-29,1995-01-29 05:15:00,Earth,18.156127252,1089.3676351192084,Near Earth asteroid orbits which cross the Earth’s orbit similar to that of 1862 Apollo,3769817,(2017 DU34),2.0361153500784804e-06
128,2396793-396793 (2004 JN2),0,253.8370293645,567.5968528656,1995-01-27,1995-01-27 14:04:00,Earth,14.1607747201,849.6464832088567,An asteroid orbit contained entirely within the orbit of the Eart,2396793,396793 (2004 JN2),4.454535024843824e-05
129,3114012-(2002 CP4),0,160.1603379786,358.1294030194,1995-01-27,1995-01-27 19:31:00,Earth,18.4440146132,,An asteroid orbit contained entirely within the orbit of the Eart,3114012,(2002 CP4),2.810621590169518e-05
130,3556968-(2011 CT4),1,183.8886720703,411.1875710413,1995-01-27,1995-01-27 02:48:00,Earth,29.4113861383,1764.6831682966083,An asteroid orbit contained entirely within the orbit of the Eart,3556968,(2011 CT4),3.227025357410924e-05
131,3768617-(2017 CP1),0,31.9561886721,71.4562101727,1995-01-27,1995-01-27 09:45:00,Earth,9.2549534024,555.297204145185,Near Earth asteroid orbits similar to that of 1221 Amor,3768617,(2017 CP1),5.6079273405038455e-06
132,3451792-(2009 FH),0,12.7219878539,28.4472296503,1995-01-27,1995-01-27 15:41:00,Earth,4.2327906836,253.96744101336,Near Earth asteroid orbits which cross the Earth’s orbit similar to that of 1862 Apollo,3451792,(2009 FH),2.2325560861952595e-06
133,3831167-(2018 TC),0,12.7219878539,28.4472296503,1995-01-27,1995-01-27 23:26:00,Earth,8.5994425119,515.966550714835,Near Earth asteroid orbits similar to that of 1221 Amor,3831167,(2018 TC),2.2325560861952595e-06
134,3879275-(2019 UU1),0,2.2108281036,4.9435619262,1995-01-27,1995-01-27 20:51:00,Earth,7.3642513415,441.85508048908,Near Earth asteroid orbits similar to that of 1221 Amor,3879275,(2019 UU1),3.879737816826244e-07
135,2393569-393569 (2003 JC13),0,231.5021222103,517.6544821978,1995-01-28,1995-01-28 17:57:00,Earth,20.74106128,1244.4636767985717,Near Earth asteroid orbits similar to that of 2062 Aten,2393569,393569 (2003 JC13),4.062584226948674e-05
136,3788891-(2017 UA45),0,16.0160337979,35.8129403019,1995-01-28,1995-01-28 19:37:00,Earth,3.664721939,219.88331634078835,Near Earth asteroid orbits similar to that of 1221 Amor,3788891,(2017 UA45),2.810621590166379e-06
137,3763424-(2016 VG2),0,350.3926411083,783.5017643338,1995-01-28,1995-01-28 07:14:00,Earth,15.9660121288,957.9607277270768,Near Earth asteroid orbits similar to that of 1221 Amor,3763424,(2016 VG2),6.148970054416889e-05
138,2005751-5751 Zao (1992 AC),0,2914.4390453486,6516.883821679,1995-01-25,1995-01-25 22:34:00,Earth,8.6774492303,520.6469538173534,Near Earth asteroid orbits similar to that of 1221 Amor,2005751,5751 Zao (1992 AC),0.0005114490520859362
139,3742048-(2016 CT30),0,350.3926411083,783.5017643338,1995-01-25,1995-01-25 22:40:00,Earth,15.1256980794,,Near Earth asteroid orbits similar to that of 1221 Amor,3742048,(2016 CT30),6.148970054416889e-05
140,3689345-(2014 SW141),0,92.1626548503,206.0819612321,1995-01-25,1995-01-25 07:46:00,Earth,6.3517771942,381.1066316535917,Near Earth asteroid orbits which cross the Earth’s orbit similar to that of 1862 Apollo,3689345,(2014 SW141),1.6173439117257888e-05
141,3797849-(2018 BY2),1,211.1324447897,472.1064988055,1995-01-25,1995-01-25 07:48:00,Earth,17.8355471184,1070.1328271028715,Near Earth asteroid orbits similar to that of 2062 Aten,3797849,(2018 BY2),3.705120850773034e-05
142,3724644-(2015 OL35),1,667.6594134952,1492.931834393,1995-01-25,1995-01-25 12:14:00,Earth,17.2838534152,1037.0312049122515,Near Earth asteroid orbits similar to that of 1221 Amor,3724644,(2015 OL35),0.00011716620894624077
143,3837955-(2019 BA1),0,96.5061469579,215.7943048444,1995-01-25,1995-01-25 16:01:00,Earth,19.4399963922,1166.3997835303985,Near Earth asteroid orbits which cross the Earth’s orbit similar to that of 1862 Apollo,3837955,(2019 BA1),1.69356698198399e-05
144,3365921-(2007 AM),0,121.4940407996,271.6689340891,1995-01-25,1995-01-25 18:52:00,Earth,26.0391297057,1562.3477823396834,An asteroid orbit contained entirely within the orbit of the Eart,3365921,(2007 AM),2.1320745101954168e-05
145,3703539-(2015 AB44),0,80.2703167283,179.4898847799,1995-01-25,1995-01-25 14:50:00,Earth,18.068443554,1084.1066132393933,Near Earth asteroid orbits which cross the Earth’s orbit similar to that of 1862 Apollo,3703539,(2015 AB44),1.408647659550306e-05
146,3715092-(2015 FW284),0,27.8326768072,62.2357573367,1995-01-25,1995-01-25 02:57:00,Earth,12.9327582532,775.9654951924434,Near Earth asteroid orbits similar to that of 1221 Amor,3715092,(2015 FW284),4.884300528700361e-06
147,3827172-(2018 RC1),0,15.2951935344,34.201092472,1995-01-25,1995-01-25 12:26:00,Earth,6.4970772547,389.8246352844317,Near Earth asteroid orbits similar to that of 1221 Amor,3827172,(2018 RC1),2.684122780725161e-06
148,2496816-496816 (1989 UP),1,211.1324447897,472.1064988055,1995-01-26,1995-01-26 20:40:00,Earth,18.5649767737,1113.8986064209384,Near Earth asteroid orbits which cross the Earth’s orbit similar to that of 1862 Apollo,2496816,496816 (1989 UP),3.705120850773034e-05
149,3313726-(2006 BX7),0,31.9561886721,71.4562101727,1995-01-26,1995-01-26 13:31:00,Earth,18.4840450216,,An asteroid orbit contained entirely within the orbit of the Eart,3313726,(2006 BX7),5.6079273405038455e-06
150,3001825-(1989 UP),1,183.8886720703,411.1875710413,1995-01-26,1995-01-26 08:00:00,Earth,18.5649764223,1113.8985853401966,Near Earth asteroid orbits similar to that of 2062 Aten,3001825,(1989 UP),3.227025357410924e-05
151,3019640-(1999 JE1),1,278.3267680719,622.3575733667,1995-01-26,1995-01-26 08:00:00,Earth,36.9271608962,2215.629653773992,Near Earth asteroid orbits similar to that of 1221 Amor,3019640,(1999 JE1),4.884300528698006e-05
152,3555677-(2011 BX11),0,73.2073989347,163.696720474,1995-01-26,1995-01-26 08:35:00,Earth,10.3152870051,618.9172203065216,An asteroid orbit contained entirely within the orbit of the Eart,3555677,(2011 BX11),1.2847019343431171e-05
153,3591721-(2011 YH28),1,221.0828103591,494.3561926196,1995-01-26,1995-01-26 07:08:00,Earth,28.9116973021,1734.70183812714,Near Earth asteroid orbits similar to that of 2062 Aten,3591721,(2011 YH28),3.8797378168231045e-05
154,3727630-(2015 RE83),0,96.5061469579,215.7943048444,1995-01-26,1995-01-26 13:13:00,Earth,12.4523583777,747.1415026599666,Near Earth asteroid orbits which cross the Earth’s orbit similar to that of 1862 Apollo,3727630,(2015 RE83),1.69356698198399e-05
155,3746215-(2016 ED85),0,766.5755735311,1714.1150923063,1995-01-26,1995-01-26 16:08:00,Earth,17.5680986938,,Near Earth asteroid orbits similar to that of 2062 Aten,3746215,(2016 ED85),0.00013452480711868625
156,2162922-162922 (2001 OY13),1,183.8886720703,411.1875710413,1995-01-26,1995-01-26 07:49:00,Earth,7.1673309964,430.039859782055,Near Earth asteroid orbits which cross the Earth’s orbit similar to that of 1862 Apollo,2162922,162922 (2001 OY13),3.227025357410924e-05
157,2508774-508774 (1999 JE1),1,291.4439045349,651.6883821679,1995-01-26,1995-01-26 09:25:00,Earth,36.9271610612,2215.6296636739617,Near Earth asteroid orbits similar to that of 1221 Amor,2508774,508774 (1999 JE1),5.114490520859363e-05
158,3742340-(2016 CJ136),0,127.2198785394,284.4722965033,1995-01-26,1995-01-26 13:44:00,Earth,16.1281080333,967.6864819963616,Near Earth asteroid orbits similar to that of 2062 Aten,3742340,(2016 CJ136),2.2325560861976142e-05
159,3759745-(2016 SN2),0,175.6123184804,392.6810818086,1995-01-26,1995-01-26 16:31:00,Earth,34.1722014834,2050.3320890031832,Near Earth asteroid orbits similar to that of 1221 Amor,3759745,(2016 SN2),3.0817852912305764e-05
160,3638237-(2013 JN7),1,167.7084621628,375.0075217981,1995-01-23,1995-01-23 23:34:00,Earth,17.4160515605,1044.9630936328133,An asteroid orbit contained entirely within the orbit of the Eart,3638237,(2013 JN7),2.9430821048351907e-05
161,3726014-(2015 PR228),1,291.4439045349,651.6883821679,1995-01-23,1995-01-23 14:46:00,Earth,15.4442462523,926.6547751369568,Near Earth asteroid orbits similar to that of 1221 Amor,3726014,(2015 PR228),5.114490520859363e-05
162,2340666-340666 (2006 RO36),0,732.0739893473,1636.96720474,1995-01-23,1995-01-23 16:07:00,Earth,13.4515927281,807.09556368324,Near Earth asteroid orbits similar to that of 1221 Amor,2340666,340666 (2006 RO36),0.00012847019343431172
163,2418265-418265 (2008 EA32),0,1394.9382293439,3119.1767052261,1995-01-23,1995-01-23 12:39:00,Earth,18.3184771336,1099.10862801408,Near Earth asteroid orbits similar to that of 1221 Amor,2418265,418265 (2008 EA32),0.0002447949070182153
164,3378868-(2007 ML13),0,253.8370293645,567.5968528656,1995-01-23,1995-01-23 11:52:00,Earth,10.2254751657,613.5285099394017,Near Earth asteroid orbits which cross the Earth’s orbit similar to that of 1862 Apollo,3378868,(2007 ML13),4.454535024843824e-05
165,3989181-(2020 BA8),0,84.0146411251,187.862448661,1995-01-23,1995-01-23 03:55:00,Earth,26.7410738185,1604.4644291071615,Near Earth asteroid orbits similar to that of 1221 Amor,3989181,(2020 BA8),1.4743560560430074e-05
166,3092136-(1995 DV1),0,66.7659413495,149.2931834393,1995-01-24,1995-01-24 15:42:00,Earth,10.1853480584,611.1208835039033,Near Earth asteroid orbits similar to that of 2062 Aten,3092136,(1995 DV1),1.1716620894624078e-05
167,3837908-(2019 AN13),0,183.8886720703,411.1875710413,1995-01-24,1995-01-24 07:49:00,Earth,4.5464176773,272.78506063514664,Near Earth asteroid orbits similar to that of 1221 Amor,3837908,(2019 AN13),3.227025357410924e-05
168,3520755-(2010 JU39),1,319.5618867213,714.5621017269,1995-01-24,1995-01-24 08:00:00,Earth,29.0975746576,1745.8544794548718,An asteroid orbit contained entirely within the orbit of the Eart,3520755,(2010 JU39),5.6079273405030606e-05
169,2494999-494999 (2010 JU39),1,305.1792325939,682.4015094011,1995-01-24,1995-01-24 17:53:00,Earth,29.0975653046,1745.8539182763484,Near Earth asteroid orbits similar to that of 1221 Amor,2494999,494999 (2010 JU39),5.355529033127453e-05
170,3645001-(2013 NT11),0,319.5618867213,714.5621017269,1995-01-24,1995-01-24 14:05:00,Earth,36.4922310614,,Near Earth asteroid orbits similar to that of 1221 Amor,3645001,(2013 NT11),5.6079273405030606e-05
171,3759724-(2016 SA2),0,6.0891262211,13.6157001539,1995-01-24,1995-01-24 13:27:00,Earth,6.9725764248,418.3545854892266,Near Earth asteroid orbits which cross the Earth’s orbit similar to that of 1862 Apollo,3759724,(2016 SA2),1.0685685256553133e-06
172,3767264-(2017 BS32),0,9.6506146958,21.5794304844,1995-01-24,1995-01-24 06:11:00,Earth,20.4060831379,1224.3649882740483,Near Earth asteroid orbits similar to that of 2062 Aten,3767264,(2017 BS32),1.6935669819808508e-06
173,3484929-(2010 AJ3),0,33.4622374455,74.8238376074,1995-01-24,1995-01-24 12:33:00,Earth,19.6716930299,1180.3015817954467,An asteroid orbit contained entirely within the orbit of the Eart,3484929,(2010 AJ3),5.87222081363993e-06
174,3365986-(2007 AV2),1,160.1603379786,358.1294030194,1995-01-24,1995-01-24 21:15:00,Earth,23.8683562881,1432.10137728774,Near Earth asteroid orbits which cross the Earth’s orbit similar to that of 1862 Apollo,3365986,(2007 AV2),2.810621590169518e-05
175,3405174-(2008 ED8),0,44.1118199997,98.6370281305,1995-02-04,1995-02-04 09:06:00,Earth,13.3177213241,799.0632794481967,Near Earth asteroid orbits similar to that of 1221 Amor,3405174,(2008 ED8),7.741094657863757e-06
176,3792431-(2017 XT61),0,60.8912622106,136.1570015386,1995-02-04,1995-02-04 00:37:00,Earth,9.3593034274,561.55820564256,Near Earth asteroid orbits which cross the Earth’s orbit similar to that of 1862 Apollo,3792431,(2017 XT61),1.068568525652174e-05
177,3837847-(2019 AC11),0,127.2198785394,284.4722965033,1995-02-05,1995-02-05 23:00:00,Earth,1.3333571378,,Near Earth asteroid orbits similar to that of 2062 Aten,3837847,(2019 AC11),2.2325560861976142e-05
178,3511508-(2010 CW180),0,253.8370293645,567.5968528656,1995-02-05,1995-02-05 10:31:00,Earth,11.657770373,699.4662223778166,An asteroid orbit contained entirely within the orbit of the Eart,3511508,(2010 CW180),4.454535024843824e-05
179,3827171-(2018 RX),0,366.9061375314,820.4270648822,1995-02-05,1995-02-05 00:37:00,Earth,20.774060424,,An asteroid orbit contained entirely within the orbit of the Eart,3827171,(2018 RX),6.438762085090253e-05
180,3781883-(2017 SN14),0,461.9074602816,1032.8564805039,1995-02-05,1995-02-05 18:17:00,Earth,15.8578599967,951.4715998039916,Near Earth asteroid orbits similar to that of 2062 Aten,3781883,(2017 SN14),8.105921209416889e-05
181,2403039-403039 (2008 AE),0,305.1792325939,682.4015094011,1995-02-05,1995-02-05 12:05:00,Earth,6.0784978136,364.7098688141933,An asteroid orbit contained entirely within the orbit of the Eart,2403039,403039 (2008 AE),5.355529033127453e-05
182,2417210-417210 (2005 XV77),0,201.6299194428,450.8582061718,1995-02-05,1995-02-05 15:28:00,Earth,18.8874457375,1133.2467442503116,Near Earth asteroid orbits similar to that of 2062 Aten,2417210,417210 (2005 XV77),3.5383629428017583e-05
183,3309092-(2005 YR3),0,63.7609789875,142.5738833281,1995-02-05,1995-02-05 12:55:00,Earth,21.7872877584,1307.2372655038737,Near Earth asteroid orbits which cross the Earth’s orbit similar to that of 1862 Apollo,3309092,(2005 YR3),1.1189286087592216e-05
184,3428255-(2008 SD85),0,69.9125232246,156.3291544087,1995-02-05,1995-02-05 02:52:00,Earth,17.3712451557,1042.27470934281,Near Earth asteroid orbits similar to that of 2062 Aten,3428255,(2008 SD85),1.2268808225451263e-05
185,3660383-(2014 CE),0,11.0803882126,24.7765012606,1995-02-02,1995-02-02 02:23:00,Earth,13.4842097626,809.0525857569066,Near Earth asteroid orbits similar to that of 1221 Amor,3660383,(2014 CE),1.9444750636163868e-06
186,3092135-(1995 CS),0,21.113244479,47.2106498806,1995-02-02,1995-02-02 11:20:00,Earth,24.8346391163,1490.07834697911,Near Earth asteroid orbits similar to that of 2062 Aten,3092135,(1995 CS),3.7051208507769583e-06
187,3799759-(2018 DY3),0,19.2555078188,43.0566244241,1995-02-02,1995-02-02 15:17:00,Earth,5.3676044004,,Near Earth asteroid orbits similar to that of 2062 Aten,3799759,(2018 DY3),3.379110377028724e-06
188,3437805-(2008 VR4),0,66.7659413495,149.2931834393,1995-02-02,1995-02-02 14:24:00,Earth,8.3904973465,503.429840788155,An asteroid orbit contained entirely within the orbit of the Eart,3437805,(2008 VR4),1.1716620894624078e-05
189,3730580-(2015 TY237),1,133.2155666981,297.8790627982,1995-02-02,1995-02-02 23:49:00,Earth,14.6181287101,877.0877226044701,Near Earth asteroid orbits similar to that of 1221 Amor,3730580,(2015 TY237),2.337773212982263e-05
190,3703542-(2015 AE44),0,31.9561886721,71.4562101727,1995-02-03,1995-02-03 18:26:00,Earth,6.7460042913,404.7602574771717,An asteroid orbit contained entirely within the orbit of the Eart,3703542,(2015 AE44),5.6079273405038455e-06
191,3780765-(2017 QB2),0,35.0392641108,78.3501764334,1995-02-03,1995-02-03 09:21:00,Earth,6.6223534637,397.3412078237,Near Earth asteroid orbits similar to that of 1221 Amor,3780765,(2017 QB2),6.148970054418458e-06
192,3770144-(2017 DV37),0,253.8370293645,567.5968528656,1995-02-03,1995-02-03 17:02:00,Earth,3.7225446963,,Near Earth asteroid orbits similar to that of 2062 Aten,3770144,(2017 DV37),4.454535024843824e-05
193,3708364-(2015 BP509),0,7.3207398935,16.3696720474,1995-02-03,1995-02-03 07:52:00,Earth,25.7737656571,1546.42593942849,Near Earth asteroid orbits similar to that of 1221 Amor,3708364,(2015 BP509),1.2847019343431174e-06
194,3843842-(2019 RL3),0,127.2198785394,284.4722965033,1995-02-03,1995-02-03 06:12:00,Earth,17.0563194182,1023.3791650938966,An asteroid orbit contained entirely within the orbit of the Eart,3843842,(2019 RL3),2.2325560861976142e-05
195,2455176-455176 (1999 VF22),1,192.5550781879,430.566244241,1995-02-01,1995-02-01 00:09:00,Earth,40.5274283635,2431.6457018071683,Near Earth asteroid orbits similar to that of 1221 Amor,2455176,455176 (1999 VF22),3.379110377028724e-05
196,3472700-(2009 UZ87),0,17.561231848,39.2681081809,1995-02-01,1995-02-01 17:06:00,Earth,18.6971068429,1121.8264105745284,Near Earth asteroid orbits similar to that of 2062 Aten,3472700,(2009 UZ87),3.0817852912337154e-06
197,3767325-(2017 BK92),1,192.5550781879,430.566244241,1995-02-01,1995-02-01 22:56:00,Earth,35.0340043592,2102.0402615507032,Near Earth asteroid orbits similar to that of 2062 Aten,3767325,(2017 BK92),3.379110377028724e-05
198,3840753-(2019 FY2),0,8.801465209,19.6806745089,1995-02-01,1995-02-01 14:41:00,Earth,16.5295257061,991.7715423653466,Near Earth asteroid orbits similar to that of 2062 Aten,3840753,(2019 FY2),1.5445514447417989e-06
199,3825584-(2018 NR1),0,31.9561886721,71.4562101727,1995-02-01,1995-02-01 08:18:00,Earth,9.3495624665,560.9737479904634,Near Earth asteroid orbits which cross the Earth’s orbit similar to that of 1862 Apollo,3825584,(2018 NR1),5.6079273405038455e-06
200,3780805-(2017 QN16),0,127.2198785394,284.4722965033,1995-02-01,1995-02-01 21:07:00,Earth,7.7078305278,462.46983166871337,Near Earth asteroid orbits which cross the Earth’s orbit similar to that of 1862 Apollo,3780805,(2017 QN16),2.2325560861976142e-05
201,3313556-(2006 BP6),0,192.5550781879,430.566244241,1995-01-30,1995-01-30 10:24:00,Earth,22.2742184969,,An asteroid orbit contained entirely within the orbit of the Eart,3313556,(2006 BP6),3.379110377028724e-05
202,2387648-387648 (2002 RT25),0,350.3926411083,783.5017643338,1995-01-30,1995-01-30 02:20:00,Earth,15.7296446272,943.7786776319516,Near Earth asteroid orbits which cross the Earth’s orbit similar to that of 1862 Apollo,2387648,387648 (2002 RT25),6.148970054416889e-05
203,3797908-(2018 BK5),0,63.7609789875,142.5738833281,1995-01-30,1995-01-30 14:57:00,Earth,15.9653601056,957.9216063370316,An asteroid orbit contained entirely within the orbit of the Eart,3797908,(2018 BK5),1.1189286087592216e-05
204,3775044-(2017 KP27),0,18.388867207,41.1187571041,1995-01-30,1995-01-30 21:09:00,Earth,5.2075876342,312.4552580538933,An asteroid orbit contained entirely within the orbit of the Eart,3775044,(2017 KP27),3.22702535740857e-06
205,3170203-(2003 YX1),1,175.6123184804,392.6810818086,1995-01-31,1995-01-31 08:00:00,Earth,6.4129404844,384.7764290627634,Near Earth asteroid orbits which cross the Earth’s orbit similar to that of 1862 Apollo,3170203,(2003 YX1),3.0817852912305764e-05
206,3368734-(2007 DH8),0,27.8326768072,62.2357573367,1995-01-31,1995-01-31 01:33:00,Earth,9.923215131,595.3929078600434,Near Earth asteroid orbits which cross the Earth’s orbit similar to that of 1862 Apollo,3368734,(2007 DH8),4.884300528700361e-06
207,3752779-(2016 JZ5),0,10.5816885933,23.6613750114,1995-01-31,1995-01-31 16:12:00,Earth,16.4781785233,988.69071140031,Near Earth asteroid orbits similar to that of 1221 Amor,3752779,(2016 JZ5),1.8569592694553445e-06
208,2508908-508908 (2003 YX1),1,175.6123184804,392.6810818086,1995-01-31,1995-01-31 23:05:00,Earth,6.4129404807,384.7764288413534,Near Earth asteroid orbits similar to that of 2062 Aten,2508908,508908 (2003 YX1),3.0817852912305764e-05
209,3278402-(2005 KA),0,30.5179232594,68.2401509401,1995-01-31,1995-01-31 12:08:00,Earth,4.2343745681,254.06247408504495,Near Earth asteroid orbits which cross the Earth’s orbit similar to that of 1862 Apollo,3278402,(2005 KA),5.355529033126667e-06
210,3323934-(2006 DX),0,44.1118199997,98.6370281305,1995-01-31,1995-01-31 12:52:00,Earth,3.7577068852,225.46241311014836,An asteroid orbit contained entirely within the orbit of the Eart,3323934,(2006 DX),7.741094657863757e-06
211,3596843-(2012 BG86),0,133.2155666981,297.8790627982,1995-01-31,1995-01-31 16:10:00,Earth,35.5609456643,,Near Earth asteroid orbits which cross the Earth’s orbit similar to that of 1862 Apollo,3596843,(2012 BG86),2.337773212982263e-05
212,3989251-(2020 BA11),0,122.787731711,274.5617149089,1995-01-31,1995-01-31 15:19:00,Earth,22.4430609927,1346.5836595630733,Near Earth asteroid orbits similar to that of 1221 Amor,3989251,(2020 BA11),2.1547772320585464e-05
213,3989211-(2020 BL9),0,76.410840459,170.8598334843,1995-01-31,1995-01-31 16:13:00,Earth,13.9867238342,839.2034300505967,Near Earth asteroid orbits similar to that of 1221 Amor,3989211,(2020 BL9),1.3409184859857165e-05
214,3446396-(2009 CT5),0,461.9074602816,1032.8564805039,1995-02-08,1995-02-08 12:55:00,Earth,39.6053279147,2376.3196748817904,Near Earth asteroid orbits similar to that of 2062 Aten,3446396,(2009 CT5),8.105921209416889e-05
215,2162854-162854 (2001 DE47),0,421.2646105562,941.9763057186,1995-02-08,1995-02-08 09:56:00,Earth,10.8299289252,,Near Earth asteroid orbits similar to that of 2062 Aten,2162854,162854 (2001 DE47),7.392688005953539e-05
216,3764806-(2016 WU7),0,24.2412481101,54.2050786336,1995-02-08,1995-02-08 20:23:00,Earth,25.2112885871,1512.6773152238934,Near Earth asteroid orbits similar to that of 2062 Aten,3764806,(2016 WU7),4.254047922900644e-06
217,3837976-(2019 BR1),0,201.6299194428,450.8582061718,1995-02-08,1995-02-08 11:01:00,Earth,16.3037277839,978.2236670321817,Near Earth asteroid orbits which cross the Earth’s orbit similar to that of 1862 Apollo,3837976,(2019 BR1),3.5383629428017583e-05
218,3381448-(2007 PV27),1,242.4124811008,542.0507863358,1995-02-09,1995-02-09 01:19:00,Earth,14.9377142983,896.2628578977833,Near Earth asteroid orbits which cross the Earth’s orbit similar to that of 1862 Apollo,3381448,(2007 PV27),4.254047922899074e-05
219,3550089-(2010 UY7),0,5.3034072332,11.8587790858,1995-02-09,1995-02-09 22:14:00,Earth,6.2443682031,374.6620921884367,Near Earth asteroid orbits which cross the Earth’s orbit similar to that of 1862 Apollo,3550089,(2010 UY7),9.306842792183331e-07
220,3309829-(2005 YL128),0,183.8886720703,411.1875710413,1995-02-09,1995-02-09 16:32:00,Earth,13.2817427849,796.9045670946783,Near Earth asteroid orbits similar to that of 2062 Aten,3309829,(2005 YL128),3.227025357410924e-05
221,3837987-(2019 BO2),0,16.0160337979,35.8129403019,1995-02-09,1995-02-09 15:11:00,Earth,24.8346139002,1490.0768340128218,Near Earth asteroid orbits which cross the Earth’s orbit similar to that of 1862 Apollo,3837987,(2019 BO2),2.810621590166379e-06
222,3560054-(2011 FK1),0,48.3676488219,108.1533506775,1995-02-06,1995-02-06 16:14:00,Earth,7.5248159935,451.488959612395,Near Earth asteroid orbits similar to that of 1221 Amor,3560054,(2011 FK1),8.487941506631611e-06
223,3684006-(2014 QV296),0,46.1907460282,103.2856480504,1995-02-06,1995-02-06 18:54:00,Earth,21.7373225662,1304.23935396972,Near Earth asteroid orbits similar to that of 1221 Amor,3684006,(2014 QV296),8.105921209417674e-06
224,2413260-413260 (2003 TL4),1,350.3926411083,783.5017643338,1995-02-06,1995-02-06 00:09:00,Earth,16.1419653325,968.5179199506116,An asteroid orbit contained entirely within the orbit of the Eart,2413260,413260 (2003 TL4),6.148970054416889e-05
225,3831614-(2018 TM3),0,3.0517923259,6.824015094,1995-02-06,1995-02-06 23:53:00,Earth,6.5666597054,393.99958232397,Near Earth asteroid orbits similar to that of 1221 Amor,3831614,(2018 TM3),5.355529033118819e-07
226,3438964-(2008 VA15),0,48.3676488219,108.1533506775,1995-02-07,1995-02-07 19:37:00,Earth,2.6374923873,158.24954323851168,An asteroid orbit contained entirely within the orbit of the Eart,3438964,(2008 VA15),8.487941506631611e-06
227,3838082-(2019 BF5),1,139.4938229344,311.9176705226,1995-02-07,1995-02-07 05:16:00,Earth,32.12017274,1927.2103643999037,Near Earth asteroid orbits similar to that of 1221 Amor,3838082,(2019 BF5),2.447949070182075e-05
228,3422140-(2008 OS7),1,221.0828103591,494.3561926196,1995-02-07,1995-02-07 11:13:00,Earth,16.1459712276,968.7582736575116,Near Earth asteroid orbits similar to that of 2062 Aten,3422140,(2008 OS7),3.8797378168231045e-05
229,3507181-(2010 CT),0,253.8370293645,567.5968528656,1995-02-07,1995-02-07 10:10:00,Earth,30.1020291698,1806.1217501891333,Near Earth asteroid orbits similar to that of 1221 Amor,3507181,(2010 CT),4.454535024843824e-05
230,3724111-(2015 NA14),0,105.8168859331,236.6137501138,1995-02-07,1995-02-07 06:22:00,Earth,5.2364151536,314.18490921852333,Near Earth asteroid orbits similar to that of 1221 Amor,3724111,(2015 NA14),1.8569592694537747e-05
231,3398650-(2007 YO56),0,253.8370293645,567.5968528656,1995-02-11,1995-02-11 13:15:00,Earth,10.4274035158,625.6442109494933,Near Earth asteroid orbits similar to that of 2062 Aten,3398650,(2007 YO56),4.454535024843824e-05
232,3401386-(2008 CP),0,40.2304579834,89.9580388169,1995-02-11,1995-02-11 20:57:00,Earth,11.0154021745,,Near Earth asteroid orbits which cross the Earth’s orbit similar to that of 1862 Apollo,3401386,(2008 CP),7.059962236454246e-06
233,3734189-(2015 VO66),1,201.6299194428,450.8582061718,1995-02-11,1995-02-11 08:00:00,Earth,29.681640603,1780.8984361810433,Near Earth asteroid orbits similar to that of 2062 Aten,3734189,(2015 VO66),3.5383629428017583e-05
234,2512234-512234 (2015 VO66),1,211.1324447897,472.1064988055,1995-02-11,1995-02-11 19:34:00,Earth,29.6821345454,1780.9280727265616,Near Earth asteroid orbits similar to that of 2062 Aten,2512234,512234 (2015 VO66),3.705120850773034e-05
235,3829436-(2018 RB6),0,18.388867207,41.1187571041,1995-02-11,1995-02-11 09:56:00,Earth,23.8783896507,1432.7033790428334,Near Earth asteroid orbits which cross the Earth’s orbit similar to that of 1862 Apollo,3829436,(2018 RB6),3.22702535740857e-06
236,3838779-(2019 CQ5),0,8.4053340207,18.7948982439,1995-02-11,1995-02-11 05:36:00,Earth,10.5302108604,631.81265162361,Near Earth asteroid orbits which cross the Earth’s orbit similar to that of 1862 Apollo,3838779,(2019 CQ5),1.4750351784570712e-06
237,3781463-(2017 RV15),0,101.054341542,225.9643771094,1995-02-12,1995-02-12 05:03:00,Earth,13.9092558468,834.5553508050667,An asteroid orbit contained entirely within the orbit of the Eart,3781463,(2017 RV15),1.7733823348720767e-05
238,3182823-(2004 KG1),0,40.2304579834,89.9580388169,1995-02-12,1995-02-12 22:12:00,Earth,15.4199862136,925.19917281492,An asteroid orbit contained entirely within the orbit of the Eart,3182823,(2004 KG1),7.059962236454246e-06
239,3798998-(2018 CH),0,13.9493822934,31.1917670523,1995-02-10,1995-02-10 07:44:00,Earth,23.1366523178,1388.1991390655764,Near Earth asteroid orbits similar to that of 1221 Amor,3798998,(2018 CH),2.447949070185214e-06
240,2154275-154275 (2002 SR41),1,253.8370293645,567.5968528656,1995-02-10,1995-02-10 18:12:00,Earth,18.8377199661,1130.263197966667,An asteroid orbit contained entirely within the orbit of the Eart,2154275,154275 (2002 SR41),4.454535024843824e-05
241,3289746-(2005 RK3),0,48.3676488219,108.1533506775,1995-02-10,1995-02-10 19:38:00,Earth,7.2711243501,436.26746100648,Near Earth asteroid orbits which cross the Earth’s orbit similar to that of 1862 Apollo,3289746,(2005 RK3),8.487941506631611e-06
242,54016642-(2020 HX2),0,113.3848360975,253.5362011316,1995-02-10,1995-02-10 16:23:00,Earth,18.0937327979,,Near Earth asteroid orbits similar to that of 2062 Aten,54016642,(2020 HX2),1.989767706259614e-05
243,3770329-(2017 EM),0,18.388867207,41.1187571041,1995-02-19,1995-02-19 20:34:00,Earth,16.549422586,992.96535515985,An asteroid orbit contained entirely within the orbit of the Eart,3770329,(2017 EM),3.22702535740857e-06
244,3799712-(2018 DT),0,10.1054341542,22.5964377109,1995-02-19,1995-02-19 17:47:00,Earth,2.8293700894,169.76220536550667,Near Earth asteroid orbits similar to that of 1221 Amor,3799712,(2018 DT),1.7733823348689373e-06
245,3557485-(2011 CX46),0,101.054341542,225.9643771094,1995-02-19,1995-02-19 14:41:00,Earth,28.5520254067,1713.1215244028765,Near Earth asteroid orbits which cross the Earth’s orbit similar to that of 1862 Apollo,3557485,(2011 CX46),1.7733823348720767e-05
246,2275792-275792 (2001 QH142),0,555.334911581,1241.766612574,1995-02-17,1995-02-17 03:09:00,Earth,15.6006738164,936.0404289846,Near Earth asteroid orbits similar to that of 2062 Aten,2275792,275792 (2001 QH142),9.745460779893266e-05
247,3422250-(2008 OP8),1,305.1792325939,682.4015094011,1995-02-17,1995-02-17 21:03:00,Earth,19.7511350029,1185.0681001735268,Near Earth asteroid orbits similar to that of 2062 Aten,3422250,(2008 OP8),5.355529033127453e-05
248,3648878-(2013 TG6),0,12.7219878539,28.4472296503,1995-02-17,1995-02-17 08:54:00,Earth,2.3445187289,140.67112373441165,Near Earth asteroid orbits similar to that of 2062 Aten,3648878,(2013 TG6),2.2325560861952595e-06
249,3773659-(2017 FQ128),0,127.2198785394,284.4722965033,1995-02-17,1995-02-17 13:41:00,Earth,9.9943074343,599.658446059365,Near Earth asteroid orbits similar to that of 2062 Aten,3773659,(2017 FQ128),2.2325560861976142e-05
250,2085953-85953 (1999 FK21),0,637.6097898754,1425.7388332807,1995-02-17,1995-02-17 19:57:00,Earth,17.4552791428,1047.3167485668482,Near Earth asteroid orbits similar to that of 1221 Amor,2085953,85953 (1999 FK21),0.0001118928608758986
251,3403074-(2008 CC175),0,146.0679642714,326.6178974458,1995-02-17,1995-02-17 21:01:00,Earth,31.0132588114,1860.79552868646,Near Earth asteroid orbits similar to that of 1221 Amor,3403074,(2008 CC175),2.563317355562706e-05
252,3451019-(2009 EF3),0,133.2155666981,297.8790627982,1995-02-17,1995-02-17 10:53:00,Earth,10.6494801248,638.9688074865784,Near Earth asteroid orbits similar to that of 2062 Aten,3451019,(2009 EF3),2.337773212982263e-05
253,3766092-(2016 YE3),0,175.6123184804,392.6810818086,1995-02-18,1995-02-18 20:13:00,Earth,6.1085229744,366.511378465855,Near Earth asteroid orbits which cross the Earth’s orbit similar to that of 1862 Apollo,3766092,(2016 YE3),3.0817852912305764e-05
254,3177202-(2004 FH),0,19.2555078188,43.0566244241,1995-02-18,1995-02-18 00:44:00,Earth,6.0289665944,,Near Earth asteroid orbits similar to that of 1221 Amor,3177202,(2004 FH),3.379110377028724e-06
255,3371135-(2007 EF88),0,55.5334911581,124.1766612574,1995-02-18,1995-02-18 11:15:00,Earth,8.4036934568,,An asteroid orbit contained entirely within the orbit of the Eart,3371135,(2007 EF88),9.745460779893266e-06
256,3703545-(2015 AJ44),0,92.1626548503,206.0819612321,1995-02-18,1995-02-18 15:01:00,Earth,11.2173481564,673.0408893845932,An asteroid orbit contained entirely within the orbit of the Eart,3703545,(2015 AJ44),1.6173439117257888e-05
257,3776085-(2017 MA5),0,19.2555078188,43.0566244241,1995-02-18,1995-02-18 07:59:00,Earth,9.0552146724,543.312880345155,Near Earth asteroid orbits similar to that of 2062 Aten,3776085,(2017 MA5),3.379110377028724e-06
258,3843636-(2019 QZ3),0,29.1443904535,65.1688382168,1995-02-18,1995-02-18 16:05:00,Earth,7.5756500407,454.5390024424833,Near Earth asteroid orbits similar to that of 1221 Amor,3843636,(2019 QZ3),5.114490520860147e-06
259,3647013-(2013 QP48),0,7.3207398935,16.3696720474,1995-02-15,1995-02-15 09:40:00,Earth,23.4100298231,1404.6017893872183,Near Earth asteroid orbits which cross the Earth’s orbit similar to that of 1862 Apollo,3647013,(2013 QP48),1.2847019343431174e-06
260,3314405-(2006 BX139),0,242.4124811008,542.0507863358,1995-02-15,1995-02-15 02:13:00,Earth,3.089003928,185.34023567712663,Near Earth asteroid orbits which cross the Earth’s orbit similar to that of 1862 Apollo,3314405,(2006 BX139),4.254047922899074e-05
261,3702321-(2014 YF),0,76.6575573531,171.4115092306,1995-02-15,1995-02-15 01:46:00,Earth,7.919524047,475.1714428170733,Near Earth asteroid orbits which cross the Earth’s orbit similar to that of 1862 Apollo,3702321,(2014 YF),1.3452480711866268e-05
262,3447920-(2009 DF1),0,201.6299194428,450.8582061718,1995-02-15,1995-02-15 22:36:00,Earth,2.1643758564,129.862551382525,Near Earth asteroid orbits which cross the Earth’s orbit similar to that of 1862 Apollo,3447920,(2009 DF1),3.5383629428017583e-05
263,3426410-(2008 QV11),0,167.7084621628,375.0075217981,1995-02-15,1995-02-15 02:15:00,Earth,20.0192419611,1201.1545176681234,Near Earth asteroid orbits similar to that of 2062 Aten,3426410,(2008 QV11),2.9430821048351907e-05
264,3666785-(2014 FP47),0,92.1626548503,206.0819612321,1995-02-15,1995-02-15 18:33:00,Earth,8.5268559444,511.6113566616,An asteroid orbit contained entirely within the orbit of the Eart,3666785,(2014 FP47),1.6173439117257888e-05
265,3719196-(2015 JR1),0,16.0160337979,35.8129403019,1995-02-15,1995-02-15 06:13:00,Earth,4.6554785934,279.3287156014383,Near Earth asteroid orbits similar to that of 1221 Amor,3719196,(2015 JR1),2.810621590166379e-06
266,3610026-(2012 TB53),0,63.7609789875,142.5738833281,1995-02-15,1995-02-15 18:07:00,Earth,7.9199338078,475.19602847034,Near Earth asteroid orbits which cross the Earth’s orbit similar to that of 1862 Apollo,3610026,(2012 TB53),1.1189286087592216e-05
267,3989296-(2020 BK13),0,5.4119649666,12.1015215572,1995-02-15,1995-02-15 03:10:00,Earth,19.4732712844,1168.39627706358,Near Earth asteroid orbits which cross the Earth’s orbit similar to that of 1862 Apollo,3989296,(2020 BK13),9.497348577303406e-07
268,2306462-306462 (1999 RC32),0,530.3407233187,1185.8779085771,1995-02-16,1995-02-16 18:35:00,Earth,16.7314553517,1003.8873211019768,Near Earth asteroid orbits which cross the Earth’s orbit similar to that of 1862 Apollo,2306462,306462 (1999 RC32),9.306842792160571e-05
269,3371672-(2007 FJ1),0,46.1907460282,103.2856480504,1995-02-16,1995-02-16 13:12:00,Earth,14.5882415865,875.29449519033,Near Earth asteroid orbits which cross the Earth’s orbit similar to that of 1862 Apollo,3371672,(2007 FJ1),8.105921209417674e-06
270,3448109-(2009 DB12),0,139.4938229344,311.9176705226,1995-02-16,1995-02-16 01:05:00,Earth,28.2415483514,1694.4929010867234,Near Earth asteroid orbits which cross the Earth’s orbit similar to that of 1862 Apollo,3448109,(2009 DB12),2.447949070182075e-05
271,3423827-(2008 PR9),0,92.1626548503,206.0819612321,1995-02-16,1995-02-16 16:11:00,Earth,16.2996226511,977.9773590635584,Near Earth asteroid orbits similar to that of 1221 Amor,3423827,(2008 PR9),1.6173439117257888e-05
272,3740929-(2016 BW14),0,18.388867207,41.1187571041,1995-02-16,1995-02-16 21:47:00,Earth,10.4619265877,627.7155952649767,Near Earth asteroid orbits similar to that of 2062 Aten,3740929,(2016 BW14),3.22702535740857e-06
273,3752430-(2016 HD3),0,6.676594135,14.9293183439,1995-02-16,1995-02-16 04:59:00,Earth,5.4687564032,328.1253841928184,Near Earth asteroid orbits similar to that of 1221 Amor,3752430,(2016 HD3),1.1716620894600534e-06
274,2192642-192642 (1999 RD32),1,1460.6796427136,3266.1789744576,1995-02-13,1995-02-13 07:58:00,Earth,33.9317110082,2035.90266048993,Near Earth asteroid orbits similar to that of 2062 Aten,2192642,192642 (1999 RD32),0.0002563317355562392
275,3836139-(2018 VA6),0,9.0814454086,20.3067292676,1995-02-13,1995-02-13 08:00:00,Earth,13.3856782032,803.1406921897566,Near Earth asteroid orbits similar to that of 2062 Aten,3836139,(2018 VA6),1.5936846074085702e-06
276,3656792-(2014 BA3),0,6.0891262211,13.6157001539,1995-02-13,1995-02-13 12:12:00,Earth,6.0259259652,,Near Earth asteroid orbits which cross the Earth’s orbit similar to that of 1862 Apollo,3656792,(2014 BA3),1.0685685256553133e-06
277,3799861-(2018 EZ2),0,12.7219878539,28.4472296503,1995-02-13,1995-02-13 23:47:00,Earth,17.8763553959,1072.58132375622,Near Earth asteroid orbits similar to that of 2062 Aten,3799861,(2018 EZ2),2.2325560861952595e-06
278,3836049-(2018 VX1),0,8.4053340207,18.7948982439,1995-02-13,1995-02-13 20:20:00,Earth,13.4666716675,808.0003000488833,Near Earth asteroid orbits similar to that of 1221 Amor,3836049,(2018 VX1),1.4750351784570712e-06
279,3798979-(2018 BR6),0,14.6067964271,32.6617897446,1995-02-13,1995-02-13 01:14:00,Earth,17.715238164,1062.9142898403184,Near Earth asteroid orbits which cross the Earth’s orbit similar to that of 1862 Apollo,3798979,(2018 BR6),2.5633173555642756e-06
280,3776011-(2017 MZ2),0,20.1629919443,45.0858206172,1995-02-13,1995-02-13 16:36:00,Earth,13.4239826447,805.4389586795883,Near Earth asteroid orbits which cross the Earth’s orbit similar to that of 1862 Apollo,3776011,(2017 MZ2),3.5383629428033276e-06
281,3402249-(2008 CK70),0,27.8326768072,62.2357573367,1995-02-14,1995-02-14 01:53:00,Earth,8.4443752677,506.6625160606183,Near Earth asteroid orbits similar to that of 2062 Aten,3402249,(2008 CK70),4.884300528700361e-06
282,2162015-162015 (1994 TF2),0,384.1978910643,859.0926012318,1995-02-14,1995-02-14 00:23:00,Earth,16.820418964,1009.2251378385968,Near Earth asteroid orbits which cross the Earth’s orbit similar to that of 1862 Apollo,2162015,162015 (1994 TF2),6.742211593406059e-05
283,3843369-(2019 OS1),0,96.5061469579,215.7943048444,1995-02-14,1995-02-14 20:01:00,Earth,11.2628643232,675.7718593901816,Near Earth asteroid orbits similar to that of 1221 Amor,3843369,(2019 OS1),1.69356698198399e-05
284,3892166-(2019 UP13),0,53.0340723319,118.5877908577,1995-02-14,1995-02-14 08:40:00,Earth,20.4659421992,1227.9565319493963,An asteroid orbit contained entirely within the orbit of the Eart,3892166,(2019 UP13),9.306842792159787e-06
285,3757202-(2016 PP27),0,50.6471458835,113.2504610618,1995-02-26,1995-02-26 10:32:00,Earth,14.1517345446,849.1040726751834,An asteroid orbit contained entirely within the orbit of the Eart,3757202,(2016 PP27),8.887965865782451e-06
286,3799683-(2018 DC),0,30.5179232594,68.2401509401,1995-02-26,1995-02-26 23:49:00,Earth,11.5355023458,692.1301407470467,Near Earth asteroid orbits which cross the Earth’s orbit similar to that of 1862 Apollo,3799683,(2018 DC),5.355529033126667e-06
287,2334412-334412 (2002 EZ2),0,242.4124811008,542.0507863358,1995-02-26,1995-02-26 06:20:00,Earth,7.3360990579,440.165943472745,Near Earth asteroid orbits similar to that of 1221 Amor,2334412,334412 (2002 EZ2),4.254047922899074e-05
288,2340291-340291 (2006 CV),0,291.4439045349,651.6883821679,1995-02-26,1995-02-26 05:33:00,Earth,16.0048924285,960.2935457087332,An asteroid orbit contained entirely within the orbit of the Eart,2340291,340291 (2006 CV),5.114490520859363e-05
289,3989242-(2020 BN10),1,171.0625637514,382.5075209536,1995-02-26,1995-02-26 03:06:00,Earth,16.0719798098,964.3187885908268,Near Earth asteroid orbits which cross the Earth’s orbit similar to that of 1862 Apollo,3989242,(2020 BN10),3.0019425596735207e-05
290,3766034-(2016 XQ23),0,581.5070396458,1300.2892700427,1995-02-24,1995-02-24 16:10:00,Earth,10.6718263642,640.3095818513767,Near Earth asteroid orbits similar to that of 1221 Amor,3766034,(2016 XQ23),0.00010204750196536651
291,3627010-(2013 CL129),0,5.5533491158,12.4176661257,1995-02-24,1995-02-24 15:04:00,Earth,12.2801695833,736.8101749992717,Near Earth asteroid orbits which cross the Earth’s orbit similar to that of 1862 Apollo,3627010,(2013 CL129),9.745460779861874e-07
292,3031176-(2000 EB14),0,63.7609789875,142.5738833281,1995-02-24,1995-02-24 18:46:00,Earth,29.9575051775,1797.4503106518416,Near Earth asteroid orbits similar to that of 2062 Aten,3031176,(2000 EB14),1.1189286087592216e-05
293,3989653-(2020 CJ1),0,44.9940386047,100.6097289024,1995-02-24,1995-02-24 05:09:00,Earth,3.6067025449,216.40215269459668,Near Earth asteroid orbits similar to that of 2062 Aten,3989653,(2020 CJ1),7.895913428221629e-06
294,3599543-(2012 DQ8),0,146.0679642714,326.6178974458,1995-02-25,1995-02-25 01:37:00,Earth,17.1644285178,1029.8657110662184,An asteroid orbit contained entirely within the orbit of the Eart,3599543,(2012 DQ8),2.563317355562706e-05
295,3736504-(2015 XN261),0,15.2951935344,34.201092472,1995-02-25,1995-02-25 11:14:00,Earth,4.7740040353,286.4402421186867,Near Earth asteroid orbits similar to that of 1221 Amor,3736504,(2015 XN261),2.684122780725161e-06
296,3771019-(2017 ED3),0,38.4197891064,85.9092601232,1995-02-25,1995-02-25 00:26:00,Earth,4.3442246652,260.6534799130567,An asteroid orbit contained entirely within the orbit of the Eart,3771019,(2017 ED3),6.742211593407628e-06
297,3843177-(2019 NW3),0,63.7609789875,142.5738833281,1995-02-25,1995-02-25 18:50:00,Earth,15.6983661426,941.9019685577332,Near Earth asteroid orbits which cross the Earth’s orbit similar to that of 1862 Apollo,3843177,(2019 NW3),1.1189286087592216e-05
298,3986764-(2020 BM1),0,20.7469842192,46.3916670422,1995-02-25,1995-02-25 12:08:00,Earth,9.8624570411,591.7474224678584,Near Earth asteroid orbits similar to that of 2062 Aten,3986764,(2020 BM1),3.640846573708994e-06
299,3646046-(2013 QU1),1,146.0679642714,326.6178974458,1995-02-22,1995-02-22 07:01:00,Earth,19.2231654576,1153.3899274572,Near Earth asteroid orbits which cross the Earth’s orbit similar to that of 1862 Apollo,3646046,(2013 QU1),2.563317355562706e-05
300,3780693-(2017 PZ26),0,11.0803882126,24.7765012606,1995-02-22,1995-02-22 06:32:00,Earth,7.1641480595,429.84888357232495,Near Earth asteroid orbits similar to that of 1221 Amor,3780693,(2017 PZ26),1.9444750636163868e-06
301,3840126-(2018 PM28),0,19.2555078188,43.0566244241,1995-02-22,1995-02-22 16:00:00,Earth,3.559962966,213.5977779577317,Near Earth asteroid orbits similar to that of 1221 Amor,3840126,(2018 PM28),3.379110377028724e-06
302,3005973-(1995 CR),1,121.4940407996,271.6689340891,1995-02-22,1995-02-22 11:34:00,Earth,28.4189571094,1705.1374265632985,Near Earth asteroid orbits which cross the Earth’s orbit similar to that of 1862 Apollo,3005973,(1995 CR),2.1320745101954168e-05
303,3348144-(2006 TL),0,44.1118199997,98.6370281305,1995-02-22,1995-02-22 13:38:00,Earth,17.5649076529,1053.8944591753434,An asteroid orbit contained entirely within the orbit of the Eart,3348144,(2006 TL),7.741094657863757e-06
304,3660308-(2014 BR57),0,44.1118199997,98.6370281305,1995-02-22,1995-02-22 06:00:00,Earth,10.5515197723,633.0911863350967,Near Earth asteroid orbits which cross the Earth’s orbit similar to that of 1862 Apollo,3660308,(2014 BR57),7.741094657863757e-06
305,2200840-200840 (2001 XN254),1,802.7031672829,1794.8988477988,1995-02-23,1995-02-23 06:22:00,Earth,10.0294124178,601.7647450655517,Near Earth asteroid orbits which cross the Earth’s orbit similar to that of 1862 Apollo,2200840,200840 (2001 XN254),0.00014086476595501492
306,3726012-(2015 PS228),0,4.6190746028,10.328564805,1995-02-23,1995-02-23 18:52:00,Earth,10.6105246542,636.6314792500267,Near Earth asteroid orbits similar to that of 1221 Amor,3726012,(2015 PS228),8.105921209386281e-07
307,3664086-(2014 EC49),0,53.0340723319,118.5877908577,1995-02-23,1995-02-23 08:07:00,Earth,20.7028686255,1242.17211752718,An asteroid orbit contained entirely within the orbit of the Eart,3664086,(2014 EC49),9.306842792159787e-06
308,2216985-216985 (2000 QK130),1,160.1603379786,358.1294030194,1995-02-23,1995-02-23 18:22:00,Earth,17.947262088,1076.8357252779,Near Earth asteroid orbits similar to that of 1221 Amor,2216985,216985 (2000 QK130),2.810621590169518e-05
309,2455594-455594 (2004 SV55),0,699.1252322458,1563.2915440869,1995-02-23,1995-02-23 15:11:00,Earth,37.6101691531,2256.6101491847467,Near Earth asteroid orbits which cross the Earth’s orbit similar to that of 1862 Apollo,2455594,455594 (2004 SV55),0.0001226880822545048
310,3404525-(2008 EJ),0,291.4439045349,651.6883821679,1995-02-23,1995-02-23 00:11:00,Earth,28.810387646,1728.6232587603668,Near Earth asteroid orbits similar to that of 2062 Aten,3404525,(2008 EJ),5.114490520859363e-05
311,3799830-(2018 ES1),0,11.6025908209,25.9441817907,1995-02-23,1995-02-23 15:05:00,Earth,14.9956368105,899.7382086294833,An asteroid orbit contained entirely within the orbit of the Eart,3799830,(2018 ES1),2.0361153500784804e-06
312,3627116-(2013 DM1),0,265.8,594.3468684194,1995-02-23,1995-02-23 21:25:00,Earth,27.9375247264,1676.2514835845516,Near Earth asteroid orbits similar to that of 1221 Amor,3627116,(2013 DM1),4.664470792806467e-05
313,3781977-(2017 SV19),0,26.58,59.4346868419,1995-02-20,1995-02-20 22:41:00,Earth,0.681436673,40.886200377388334,Near Earth asteroid orbits which cross the Earth’s orbit similar to that of 1862 Apollo,3781977,(2017 SV19),4.664470792803328e-06
314,3264547-(2004 YA5),0,80.2703167283,179.4898847799,1995-02-20,1995-02-20 22:25:00,Earth,18.0944504784,1085.6670287023733,Near Earth asteroid orbits similar to that of 1221 Amor,3264547,(2004 YA5),1.408647659550306e-05
315,3368184-(2007 CA27),0,146.0679642714,326.6178974458,1995-02-20,1995-02-20 01:08:00,Earth,17.3399436264,1040.3966175859134,Near Earth asteroid orbits similar to that of 2062 Aten,3368184,(2007 CA27),2.563317355562706e-05
316,3625940-(2013 CL22),0,30.5179232594,68.2401509401,1995-02-20,1995-02-20 18:14:00,Earth,13.4359250562,806.1555033714667,Near Earth asteroid orbits which cross the Earth’s orbit similar to that of 1862 Apollo,3625940,(2013 CL22),5.355529033126667e-06
317,3744785-(2016 CL264),1,366.9061375314,820.4270648822,1995-02-20,1995-02-20 13:12:00,Earth,21.7309566082,1303.8573964925283,Near Earth asteroid orbits similar to that of 1221 Amor,3744785,(2016 CL264),6.438762085090253e-05
318,2152685-152685 (1998 MZ),1,384.1978910643,859.0926012318,1995-02-20,1995-02-20 09:39:00,Earth,18.8746964548,1132.4817872898534,Near Earth asteroid orbits similar to that of 2062 Aten,2152685,152685 (1998 MZ),6.742211593406059e-05
319,2326386-326386 (2001 OA14),0,530.3407233187,1185.8779085771,1995-02-20,1995-02-20 09:36:00,Earth,21.8388396327,1310.33037796398,Near Earth asteroid orbits similar to that of 1221 Amor,2326386,326386 (2001 OA14),9.306842792160571e-05
320,3638380-(2013 JL22),1,146.0679642714,326.6178974458,1995-02-20,1995-02-20 06:47:00,Earth,18.2886298538,1097.3177912258818,Near Earth asteroid orbits similar to that of 2062 Aten,3638380,(2013 JL22),2.563317355562706e-05
321,2526826-526826 (2007 CA27),0,146.0679642714,326.6178974458,1995-02-20,1995-02-20 01:08:00,Earth,17.3399435263,1040.3966115770816,An asteroid orbit contained entirely within the orbit of the Eart,2526826,526826 (2007 CA27),2.563317355562706e-05
322,2303450-303450 (2005 BY2),1,211.1324447897,472.1064988055,1995-02-21,1995-02-21 04:07:00,Earth,6.5617579266,393.70547559612,Near Earth asteroid orbits which cross the Earth’s orbit similar to that of 1862 Apollo,2303450,303450 (2005 BY2),3.705120850773034e-05
323,3596492-(2012 BV61),0,24.2412481101,54.2050786336,1995-02-21,1995-02-21 15:03:00,Earth,10.5124589424,630.7475365413534,Near Earth asteroid orbits similar to that of 1221 Amor,3596492,(2012 BV61),4.254047922900644e-06
324,3743607-(2016 CV193),0,80.2703167283,179.4898847799,1995-02-21,1995-02-21 21:43:00,Earth,5.279469911,316.768194661595,An asteroid orbit contained entirely within the orbit of the Eart,3743607,(2016 CV193),1.408647659550306e-05
325,3744694-(2016 DH),0,8.4053340207,18.7948982439,1995-02-21,1995-02-21 22:16:00,Earth,5.439276664,326.35659984139835,Near Earth asteroid orbits which cross the Earth’s orbit similar to that of 1862 Apollo,3744694,(2016 DH),1.4750351784570712e-06
326,3770349-(2017 EU),0,231.5021222103,517.6544821978,1995-02-21,1995-02-21 14:17:00,Earth,24.5854821807,1475.1289308400983,Near Earth asteroid orbits similar to that of 1221 Amor,3770349,(2017 EU),4.062584226948674e-05
327,2311554-311554 (2006 BQ147),0,483.6764882185,1081.533506775,1995-02-21,1995-02-21 17:29:00,Earth,15.474761059,928.48566353814,Near Earth asteroid orbits similar to that of 1221 Amor,2311554,311554 (2006 BQ147),8.487941506631611e-05
328,2267136-267136 (2000 EF104),0,441.1181999969,986.3702813054,1995-02-21,1995-02-21 04:17:00,Earth,16.1803917206,970.8235032332934,Near Earth asteroid orbits similar to that of 2062 Aten,2267136,267136 (2000 EF104),7.741094657866897e-05
329,3360486-(2006 WE4),0,441.1181999969,986.3702813054,1995-02-21,1995-02-21 15:44:00,Earth,15.1061401776,906.3684106577034,Near Earth asteroid orbits which cross the Earth’s orbit similar to that of 1862 Apollo,3360486,(2006 WE4),7.741094657866897e-05
330,3656919-(2014 BG3),0,160.1603379786,358.1294030194,1995-02-21,1995-02-21 12:08:00,Earth,20.3431731991,1220.5903919469968,An asteroid orbit contained entirely within the orbit of the Eart,3656919,(2014 BG3),2.810621590169518e-05
331,3803762-(2018 GY4),0,421.2646105562,941.9763057186,1995-02-21,1995-02-21 12:54:00,Earth,29.7324258494,1783.9455509641266,Near Earth asteroid orbits similar to that of 2062 Aten,3803762,(2018 GY4),7.392688005953539e-05
332,3989652-(2020 CH1),0,21.5255856699,48.1326728134,1995-02-21,1995-02-21 22:15:00,Earth,6.9980827579,,Near Earth asteroid orbits similar to that of 1221 Amor,3989652,(2020 CH1),3.7774817778527704e-06
